<?xml version="1.0" encoding="UTF-8"?>
<metadata xml:lang="en"><Esri><CreaDate>20250624</CreaDate><CreaTime>08575500</CreaTime><SyncOnce>TRUE</SyncOnce><DataProperties><lineage><Process Name="Create Feature Class" ToolSource="C:\Program Files\ArcGIS\ArcToolbox\Toolboxes\Data Management Tools.tbx\CreateFeatureclass" Date="20050223" Time="131039">CreateFeatureclass "Database Connections\Connection to engserver.sde\Ghydro.DBO.PRIMARY" UG_Primary # UNDERGROUND_PRIMARY_Layer SAME_AS_TEMPLATE SAME_AS_TEMPLATE "PROJCS['NAD_1983_UTM_Zone_17N',GEOGCS['GCS_North_American_1983',DATUM['D_North_American_1983',SPHEROID['GRS_1980',6378137.0,298.257222101]],PRIMEM['Greenwich',0.0],UNIT['Degree',0.0174532925199433]],PROJECTION['Transverse_Mercator'],PARAMETER['False_Easting',500000.0],PARAMETER['False_Northing',0.0],PARAMETER['Central_Meridian',-81.0],PARAMETER['Scale_Factor',0.9996],PARAMETER['Latitude_Of_Origin',0.0],UNIT['Meter',1.0]];491456.449207 4753102.649601 15624.999985;0.000000 100000.000000;0.000000 100000.000000" # 0 0 0 "Database Connections\Connection to engserver.sde\Ghydro.DBO.PRIMARY\Ghydro.DBO.UG_Primary"</Process><Process Name="Append" ToolSource="C:\Program Files\ArcGIS\ArcToolbox\Toolboxes\Data Management Tools.tbx\Append" Date="20050223" Time="131048">Append UNDERGROUND_PRIMARY_Layer "Database Connections\Connection to engserver.sde\Ghydro.DBO.PRIMARY\Ghydro.DBO.UG_Primary" TEST "Database Connections\Connection to engserver.sde\Ghydro.DBO.PRIMARY\Ghydro.DBO.UG_Primary"</Process><Process Name="FeatureClassToFeatureClass_80" ToolSource="C:\Program Files\ArcGIS\ArcToolbox\Toolboxes\Conversion Tools.tbx\FeatureClassToFeatureClass" Date="20050223" Time="131049">FeatureClassToFeatureClass J:\ESRI_Maps\TEMP_FILES\GH_ELECTRICAL.mdb\ELECTRIC\UNDERGROUND_PRIMARY "Database Connections\Connection to engserver.sde\Ghydro.DBO.PRIMARY" UG_Primary # "NGF NGF VISIBLE;SIZE_AND_MATERIAL SIZE_AND_MATERIAL VISIBLE;PHASING PHASING VISIBLE;NUMBER_OF_PHASES NUMBER_OF_PHASES VISIBLE;PLACEMENT_METHOD PLACEMENT_METHOD VISIBLE;MAP_LAYER MAP_LAYER VISIBLE;CIRCUIT_NUMBER CIRCUIT_NUMBER VISIBLE;VOLTAGE VOLTAGE VISIBLE;INSTALLATION_YEAR INSTALLATION_YEAR VISIBLE;DWG_NUMBER DWG_NUMBER VISIBLE;USER_NAME USER_NAME VISIBLE;SPARE1 SPARE1 VISIBLE;SPARE2 SPARE2 VISIBLE;SPARE3 SPARE3 VISIBLE;SPARE4 SPARE4 VISIBLE;Shape_Length Shape_Length VISIBLE;Enabled Enabled VISIBLE" SAME_AS_TEMPLATE SAME_AS_TEMPLATE # 0 "Database Connections\Connection to engserver.sde\Ghydro.DBO.PRIMARY\Ghydro.DBO.UG_Primary"</Process><Process ToolSource="C:\Program Files (x86)\ArcGIS\Desktop10.0\ArcToolbox\Toolboxes\Data Management Tools.tbx\CalculateField" Date="20131104" Time="135356">CalculateField "UG Primary" CIRCUIT_NUMBER "36M44" VB #</Process><Process ToolSource="C:\Program Files (x86)\ArcGIS\Desktop10.0\ArcToolbox\Toolboxes\Data Management Tools.tbx\CalculateField" Date="20141104" Time="085103">CalculateField "NEW UG Primary" RT_STATUS CLOSED VB #</Process><Process ToolSource="c:\program files (x86)\arcgis\desktop10.2\ArcToolbox\Toolboxes\Data Management Tools.tbx\CalculateField" Date="20160502" Time="124545">CalculateField "EXISTING or TO BE REMOVED Primary\UG Primary" ELN autoIncrement() PYTHON_9.3 "rec=0\ndef autoIncrement():\n global rec\n pStart = 10000 #adjust start value, if req'd \n pInterval = 1 #adjust interval value, if req'd\n if (rec == 0): \n  rec = pStart \n else: \n  rec = rec + pInterval \n return rec\n"</Process><Process ToolSource="c:\program files (x86)\arcgis\desktop10.2\ArcToolbox\Toolboxes\Data Management Tools.tbx\CalculateField" Date="20160502" Time="124819">CalculateField "EXISTING or TO BE REMOVED Primary\UG Primary" ELN ""UGP" &amp; [ELN]" VB #</Process><Process ToolSource="c:\program files (x86)\arcgis\desktop10.2\ArcToolbox\Toolboxes\Data Management Tools.tbx\CalculateField" Date="20160510" Time="135635">CalculateField "EXISTING or TO BE REMOVED Primary\UG Primary" ELN autoIncrement() PYTHON_9.3 "rec=0 \ndef autoIncrement(): \n global rec \n pStart = 12039  \n pInterval = 1 \n if (rec == 0):  \n  rec = pStart  \n else:  \n  rec += pInterval  \n return rec\n"</Process><Process ToolSource="c:\program files (x86)\arcgis\desktop10.2\ArcToolbox\Toolboxes\Data Management Tools.tbx\CalculateField" Date="20160510" Time="135712">CalculateField "EXISTING or TO BE REMOVED Primary\UG Primary" ELN ""UGP" &amp; [ELN]" VB #</Process><Process ToolSource="c:\program files (x86)\arcgis\desktop10.2\ArcToolbox\Toolboxes\Data Management Tools.tbx\CalculateField" Date="20160510" Time="135748">CalculateField "EXISTING or TO BE REMOVED Primary\UG Primary" ELN "0" VB #</Process><Process ToolSource="c:\program files (x86)\arcgis\desktop10.2\ArcToolbox\Toolboxes\Data Management Tools.tbx\CalculateField" Date="20160720" Time="114314">CalculateField "EXISTING or TBR\PRIMARY\UG Primary" ELN autoIncrement() PYTHON_9.3 "rec=0 \ndef autoIncrement(): \n global rec \n pStart = 1  \n pInterval = 23672 \n if (rec == 0):  \n  rec = pStart  \n else:  \n  rec += pInterval  \n return rec\n"</Process><Process ToolSource="c:\program files (x86)\arcgis\desktop10.2\ArcToolbox\Toolboxes\Data Management Tools.tbx\CalculateField" Date="20160720" Time="114424">CalculateField "EXISTING or TBR\PRIMARY\UG Primary" ELN autoIncrement() PYTHON_9.3 "rec=0 \ndef autoIncrement(): \n global rec \n pStart = 23672  \n pInterval = 1 \n if (rec == 0):  \n  rec = pStart  \n else:  \n  rec += pInterval  \n return rec\n"</Process><Process ToolSource="c:\program files (x86)\arcgis\desktop10.2\ArcToolbox\Toolboxes\Data Management Tools.tbx\CalculateField" Date="20160720" Time="114453">CalculateField "EXISTING or TBR\PRIMARY\UG Primary" ELN ""UGP" &amp; [ELN]" VB #</Process><Process ToolSource="c:\program files (x86)\arcgis\desktop10.2\ArcToolbox\Toolboxes\Data Management Tools.tbx\CalculateField" Date="20160727" Time="132251">CalculateField "EXISTING or TBR\PRIMARY\UG Primary" ELN autoIncrement() PYTHON_9.3 "rec=0\ndef autoIncrement():\n global rec\n pStart = 23701 #adjust start value, if req'd \n pInterval = 1 #adjust interval value, if req'd\n if (rec == 0): \n  rec = pStart \n else: \n  rec = rec + pInterval \n return rec\n"</Process><Process ToolSource="c:\program files (x86)\arcgis\desktop10.2\ArcToolbox\Toolboxes\Data Management Tools.tbx\CalculateField" Date="20160727" Time="132320">CalculateField "EXISTING or TBR\PRIMARY\UG Primary" ELN ""UGP"&amp; [ELN]" VB #</Process><Process ToolSource="c:\program files (x86)\arcgis\desktop10.2\ArcToolbox\Toolboxes\Data Management Tools.tbx\CalculateField" Date="20161005" Time="080707">CalculateField "EXISTING or TBR\PRIMARY\UG Primary" ELN autoIncrement() PYTHON_9.3 "rec=0\ndef autoIncrement():\n global rec\n pStart = 23772 #adjust start value, if req'd \n pInterval = 1 #adjust interval value, if req'd\n if (rec == 0): \n  rec = pStart \n else: \n  rec = rec + pInterval \n return rec\n"</Process><Process ToolSource="c:\program files (x86)\arcgis\desktop10.2\ArcToolbox\Toolboxes\Data Management Tools.tbx\CalculateField" Date="20161005" Time="080811">CalculateField "EXISTING or TBR\PRIMARY\UG Primary" ELN ""UGP" &amp; [ELN]" VB #</Process><Process ToolSource="c:\program files (x86)\arcgis\desktop10.2\ArcToolbox\Toolboxes\Data Management Tools.tbx\CalculateField" Date="20161025" Time="150939">CalculateField "PRIMARY\UG Primary" ELN autoIncrement() PYTHON_9.3 "rec=0 \ndef autoIncrement(): \n global rec \n pStart = 23812  \n pInterval = 1 \n if (rec == 0):  \n  rec = pStart  \n else:  \n  rec += pInterval  \n return rec\n"</Process><Process ToolSource="c:\program files (x86)\arcgis\desktop10.2\ArcToolbox\Toolboxes\Data Management Tools.tbx\CalculateField" Date="20161025" Time="151001">CalculateField "PRIMARY\UG Primary" ELN ""UGP" &amp; [ELN]" VB #</Process><Process ToolSource="c:\program files (x86)\arcgis\desktop10.2\ArcToolbox\Toolboxes\Data Management Tools.tbx\CalculateField" Date="20161207" Time="144337">CalculateField "PRIMARY\UG Primary" ELN autoIncrement() PYTHON_9.3 "rec=0 \ndef autoIncrement(): \n global rec \n pStart = 24295  \n pInterval = 1 \n if (rec == 0):  \n  rec = pStart  \n  ELN='UGP' + str(rec)\n else:  \n  rec += pInterval  \n  ELN='UGP' + str(rec)\n return ELN\n\n"</Process><Process ToolSource="c:\program files (x86)\arcgis\desktop10.2\ArcToolbox\Toolboxes\Data Management Tools.tbx\CalculateField" Date="20170109" Time="134125">CalculateField "PRIMARY\UG Primary" ELN autoIncrement() PYTHON_9.3 "rec=0 \ndef autoIncrement(): \n global rec \n pStart = 24355  \n pInterval = 1 \n if (rec == 0):  \n  rec = pStart  \n  ELN='UGP' + str(rec)\n else:  \n  rec += pInterval  \n  ELN='UGP' + str(rec)\n return ELN\n\n"</Process><Process ToolSource="c:\program files (x86)\arcgis\desktop10.2\ArcToolbox\Toolboxes\Data Management Tools.tbx\CalculateField" Date="20170113" Time="102701">CalculateField "PRIMARY\UG Primary" ELN autoIncrement() PYTHON_9.3 "rec=0 \ndef autoIncrement(): \n global rec \n pStart = 24370  \n pInterval = 1 \n if (rec == 0):  \n  rec = pStart  \n  ELN='UGP' + str(rec)\n else:  \n  rec += pInterval  \n  ELN='UGP' + str(rec)\n return ELN\n\n"</Process><Process ToolSource="c:\program files (x86)\arcgis\desktop10.2\ArcToolbox\Toolboxes\Data Management Tools.tbx\CalculateField" Date="20170120" Time="074912">CalculateField "PRIMARY\UG Primary" ELN autoIncrement() PYTHON_9.3 "rec=0 \ndef autoIncrement(): \n global rec \n pStart = 24383  \n pInterval = 1 \n if (rec == 0):  \n  rec = pStart  \n  ELN='UGP' + str(rec)\n else:  \n  rec += pInterval  \n  ELN='UGP' + str(rec)\n return ELN\n\n"</Process><Process ToolSource="c:\program files (x86)\arcgis\desktop10.2\ArcToolbox\Toolboxes\Data Management Tools.tbx\CalculateField" Date="20170303" Time="115515">CalculateField "PRIMARY\UG Primary" ELN autoIncrement() PYTHON_9.3 "rec=0 \ndef autoIncrement(): \n global rec \n pStart = 24395  \n pInterval = 1 \n if (rec == 0):  \n  rec = pStart  \n  ELN='UGP' + str(rec)\n else:  \n  rec += pInterval  \n  ELN='UGP' + str(rec)\n return ELN\n\n"</Process><Process ToolSource="c:\program files (x86)\arcgis\desktop10.2\ArcToolbox\Toolboxes\Data Management Tools.tbx\CalculateField" Date="20170502" Time="094759">CalculateField "PRIMARY\UG Primary" ELN autoIncrement() PYTHON_9.3 "rec=0 \ndef autoIncrement(): \n global rec \n pStart = 24414  \n pInterval = 1 \n if (rec == 0):  \n  rec = pStart  \n  ELN='UGP' + str(rec)\n else:  \n  rec += pInterval  \n  ELN='UGP' + str(rec)\n return ELN\n\n"</Process><Process ToolSource="c:\program files (x86)\arcgis\desktop10.2\ArcToolbox\Toolboxes\Data Management Tools.tbx\CalculateField" Date="20170509" Time="080055">CalculateField "PRIMARY\UG Primary" ELN autoIncrement() PYTHON_9.3 "rec=0 \ndef autoIncrement(): \n global rec \n pStart = 24441  \n pInterval = 1 \n if (rec == 0):  \n  rec = pStart  \n  ELN='UGP' + str(rec)\n else:  \n  rec += pInterval  \n  ELN='UGP' + str(rec)\n return ELN\n\n"</Process><Process ToolSource="c:\program files (x86)\arcgis\desktop10.2\ArcToolbox\Toolboxes\Data Management Tools.tbx\CalculateField" Date="20170518" Time="090343">CalculateField "PRIMARY\UG Primary" ELN autoIncrement() PYTHON_9.3 "rec=0 \ndef autoIncrement(): \n global rec \n pStart = 24472  \n pInterval = 1 \n if (rec == 0):  \n  rec = pStart  \n  ELN= 'UGP' + str(rec)\n else:  \n  rec += pInterval  \n  ELN='UGP' + str(rec)\n return ELN\n\n"</Process><Process ToolSource="c:\program files (x86)\arcgis\desktop10.2\ArcToolbox\Toolboxes\Data Management Tools.tbx\CalculateField" Date="20170607" Time="085521">CalculateField "PRIMARY\UG Primary" ELN autoIncrement() PYTHON_9.3 "rec=0 \ndef autoIncrement(): \n global rec \n pStart = 24500  \n pInterval = 1 \n if (rec == 0):  \n  rec = pStart  \n  ELN='UGP' + str(rec)\n else:  \n  rec += pInterval  \n  ELN='UGP' + str(rec)\n return ELN\n\n"</Process><Process ToolSource="c:\program files (x86)\arcgis\desktop10.2\ArcToolbox\Toolboxes\Data Management Tools.tbx\CalculateField" Date="20170613" Time="104818">CalculateField "PRIMARY\UG Primary" ELN autoIncrement() PYTHON_9.3 "rec=0 \ndef autoIncrement(): \n global rec \n pStart = 24500  \n pInterval = 1 \n if (rec == 0):  \n  rec = pStart  \n  ELN='UGP' + str(rec)\n else:  \n  rec += pInterval  \n  ELN='UGP' + str(rec)\n return ELN\n\n"</Process><Process ToolSource="c:\program files (x86)\arcgis\desktop10.2\ArcToolbox\Toolboxes\Data Management Tools.tbx\CalculateField" Date="20170703" Time="105737">CalculateField "PRIMARY\UG Primary" ELN autoIncrement() PYTHON_9.3 "rec=0 \ndef autoIncrement(): \n global rec \n pStart = 24580  \n pInterval = 1 \n if (rec == 0):  \n  rec = pStart  \n  ELN='UGP' + str(rec)\n else:  \n  rec += pInterval  \n  ELN='UGP' + str(rec)\n return ELN\n\n"</Process><Process ToolSource="c:\program files (x86)\arcgis\desktop10.2\ArcToolbox\Toolboxes\Data Management Tools.tbx\CalculateField" Date="20170720" Time="140728">CalculateField "PRIMARY\UG Primary" ELN autoIncrement() PYTHON_9.3 "rec=0 \ndef autoIncrement(): \n global rec \n pStart = 24601 \n pInterval = 1 \n if (rec == 0):  \n  rec = pStart  \n  ELN='UGP' + str(rec)\n else:  \n  rec += pInterval  \n  ELN='UGP' + str(rec)\n return ELN\n\n"</Process><Process ToolSource="c:\program files (x86)\arcgis\desktop10.2\ArcToolbox\Toolboxes\Data Management Tools.tbx\CalculateField" Date="20170726" Time="131355">CalculateField "PRIMARY\UG Primary" ELN autoIncrement() PYTHON_9.3 "rec=0 \ndef autoIncrement(): \n global rec \n pStart = 24621  \n pInterval = 1 \n if (rec == 0):  \n  rec = pStart  \n  ELN='UGP' + str(rec)\n else:  \n  rec += pInterval  \n  ELN='UGP' + str(rec)\n return ELN\n\n"</Process><Process ToolSource="c:\program files (x86)\arcgis\desktop10.2\ArcToolbox\Toolboxes\Data Management Tools.tbx\CalculateField" Date="20170823" Time="105815">CalculateField "PRIMARY\UG Primary" ELN autoIncrement() PYTHON_9.3 "rec=0 \ndef autoIncrement(): \n global rec \n pStart = 24654  \n pInterval = 1 \n if (rec == 0):  \n  rec = pStart  \n  ELN='UGP' + str(rec)\n else:  \n  rec += pInterval  \n  ELN='UGP' + str(rec)\n return ELN\n\n"</Process><Process ToolSource="c:\program files (x86)\arcgis\desktop10.2\ArcToolbox\Toolboxes\Data Management Tools.tbx\CalculateField" Date="20170831" Time="152000">CalculateField "PRIMARY\UG Primary" ELN autoIncrement() PYTHON_9.3 "rec=0 \ndef autoIncrement(): \n global rec \n pStart = 24682  \n pInterval = 1 \n if (rec == 0):  \n  rec = pStart  \n  ELN='UGP' + str(rec)\n else:  \n  rec += pInterval  \n  ELN='UGP' + str(rec)\n return ELN\n\n"</Process><Process ToolSource="c:\program files (x86)\arcgis\desktop10.2\ArcToolbox\Toolboxes\Data Management Tools.tbx\CalculateField" Date="20170908" Time="085132">CalculateField "PRIMARY\UG Primary" ELN autoIncrement() PYTHON_9.3 "rec=0 \ndef autoIncrement(): \n global rec \n pStart = 24688  \n pInterval = 1 \n if (rec == 0):  \n  rec = pStart  \n  ELN='UGP' + str(rec)\n else:  \n  rec += pInterval  \n  ELN='UGP' + str(rec)\n return ELN\n\n"</Process><Process ToolSource="c:\program files (x86)\arcgis\desktop10.2\ArcToolbox\Toolboxes\Data Management Tools.tbx\CalculateField" Date="20170912" Time="091129">CalculateField "PRIMARY\UG Primary" ELN autoIncrement() PYTHON_9.3 "rec=0 \ndef autoIncrement(): \n global rec \n pStart = 24703  \n pInterval = 1 \n if (rec == 0):  \n  rec = pStart  \n  ELN='UGP' + str(rec)\n else:  \n  rec += pInterval  \n  ELN='UGP' + str(rec)\n return ELN\n\n"</Process><Process ToolSource="c:\program files (x86)\arcgis\desktop10.2\ArcToolbox\Toolboxes\Data Management Tools.tbx\CalculateField" Date="20170919" Time="112202">CalculateField "PRIMARY\UG Primary" ELN autoIncrement() PYTHON_9.3 "rec=0 \ndef autoIncrement(): \n global rec \n pStart = 24719  \n pInterval = 1 \n if (rec == 0):  \n  rec = pStart  \n  ELN='UGP' + str(rec)\n else:  \n  rec += pInterval  \n  ELN='UGP' + str(rec)\n return ELN\n\n"</Process><Process ToolSource="c:\program files (x86)\arcgis\desktop10.2\ArcToolbox\Toolboxes\Data Management Tools.tbx\CalculateField" Date="20171109" Time="143808">CalculateField "PRIMARY\UG Primary" ELN autoIncrement() PYTHON_9.3 "rec=0 \ndef autoIncrement(): \n global rec \n pStart = 24761  \n pInterval = 1 \n if (rec == 0):  \n  rec = pStart  \n  ELN='UGP' + str(rec)\n else:  \n  rec += pInterval  \n  ELN='UGP' + str(rec)\n return ELN\n\n"</Process><Process ToolSource="c:\program files (x86)\arcgis\desktop10.2\ArcToolbox\Toolboxes\Data Management Tools.tbx\CalculateField" Date="20171129" Time="092126">CalculateField "PRIMARY\UG Primary" ELN autoIncrement() PYTHON_9.3 "rec=0 \ndef autoIncrement(): \n global rec \n pStart = 24768\n pInterval = 1 \n if (rec == 0):  \n  rec = pStart  \n  ELN='UGP' + str(rec)\n else:  \n  rec += pInterval  \n  ELN='UGP' + str(rec)\n return ELN\n\n"</Process><Process ToolSource="c:\program files (x86)\arcgis\desktop10.2\ArcToolbox\Toolboxes\Data Management Tools.tbx\CalculateField" Date="20180123" Time="073956">CalculateField "PRIMARY\UG Primary" ELN autoIncrement() PYTHON_9.3 "rec=0 \ndef autoIncrement(): \n global rec \n pStart = 24795  \n pInterval = 1 \n if (rec == 0):  \n  rec = pStart  \n  ELN='UGP' + str(rec)\n else:  \n  rec += pInterval  \n  ELN='UGP' + str(rec)\n return ELN\n\n"</Process><Process ToolSource="c:\program files (x86)\arcgis\desktop10.2\ArcToolbox\Toolboxes\Data Management Tools.tbx\CalculateField" Date="20180202" Time="082024">CalculateField "PRIMARY\UG Primary" ELN autoIncrement() PYTHON_9.3 "rec=0 \ndef autoIncrement(): \n global rec \n pStart = 24833  \n pInterval = 1 \n if (rec == 0):  \n  rec = pStart  \n  ELN='UGP' + str(rec)\n else:  \n  rec += pInterval  \n  ELN='UGP' + str(rec)\n return ELN\n\n"</Process><Process ToolSource="c:\program files (x86)\arcgis\desktop10.2\ArcToolbox\Toolboxes\Data Management Tools.tbx\CalculateField" Date="20180322" Time="131736">CalculateField "PRIMARY\UG Primary" ELN autoIncrement() PYTHON_9.3 "rec=0 \ndef autoIncrement(): \n global rec \n pStart = 24852  \n pInterval = 1 \n if (rec == 0):  \n  rec = pStart  \n  ELN='UGP' + str(rec)\n else:  \n  rec += pInterval  \n  ELN='UGP' + str(rec)\n return ELN\n\n"</Process><Process ToolSource="c:\program files (x86)\arcgis\desktop10.2\ArcToolbox\Toolboxes\Data Management Tools.tbx\CalculateField" Date="20180417" Time="123355">CalculateField "PRIMARY\UG Primary" ELN autoIncrement() PYTHON_9.3 "rec=0 \ndef autoIncrement(): \n global rec \n pStart = 24866  \n pInterval = 1 \n if (rec == 0):  \n  rec = pStart  \n  ELN='UGP' + str(rec)\n else:  \n  rec += pInterval  \n  ELN='UGP' + str(rec)\n return ELN\n\n"</Process><Process ToolSource="c:\program files (x86)\arcgis\desktop10.2\ArcToolbox\Toolboxes\Data Management Tools.tbx\CalculateField" Date="20180423" Time="130209">CalculateField "PRIMARY\UG Primary" ELN autoIncrement() PYTHON_9.3 "rec=0 \ndef autoIncrement(): \n global rec \n pStart = 24870  \n pInterval = 1 \n if (rec == 0):  \n  rec = pStart  \n  ELN='UGP' + str(rec)\n else:  \n  rec += pInterval  \n  ELN='UGP' + str(rec)\n return ELN\n\n"</Process><Process ToolSource="c:\program files (x86)\arcgis\desktop10.2\ArcToolbox\Toolboxes\Data Management Tools.tbx\CalculateField" Date="20180608" Time="094801">CalculateField "PRIMARY\UG Primary" ELN autoIncrement() PYTHON_9.3 "rec=0 \ndef autoIncrement(): \n global rec \n pStart = 24915  \n pInterval = 1 \n if (rec == 0):  \n  rec = pStart  \n  ELN='UGP' + str(rec)\n else:  \n  rec += pInterval  \n  ELN='UGP' + str(rec)\n return ELN\n\n"</Process><Process ToolSource="c:\program files (x86)\arcgis\desktop10.2\ArcToolbox\Toolboxes\Data Management Tools.tbx\CalculateField" Date="20180622" Time="081227">CalculateField "PRIMARY\UG Primary" ELN autoIncrement() PYTHON_9.3 "rec=0 \ndef autoIncrement(): \n global rec \n pStart = 24945  \n pInterval = 1 \n if (rec == 0):  \n  rec = pStart  \n  ELN='UGP' + str(rec)\n else:  \n  rec += pInterval  \n  ELN='UGP' + str(rec)\n return ELN\n\n"</Process><Process ToolSource="c:\program files (x86)\arcgis\desktop10.2\ArcToolbox\Toolboxes\Data Management Tools.tbx\CalculateField" Date="20180703" Time="162428">CalculateField "PRIMARY\UG Primary" ELN autoIncrement() PYTHON_9.3 "rec=0 \ndef autoIncrement(): \n global rec \n pStart = 24989  \n pInterval = 1 \n if (rec == 0):  \n  rec = pStart  \n  ELN='UGP' + str(rec)\n else:  \n  rec += pInterval  \n  ELN='UGP' + str(rec)\n return ELN\n\n"</Process><Process ToolSource="c:\program files (x86)\arcgis\desktop10.2\ArcToolbox\Toolboxes\Data Management Tools.tbx\CalculateField" Date="20180817" Time="080638">CalculateField "PRIMARY\UG Primary" ELN autoIncrement() PYTHON_9.3 "rec=0 \ndef autoIncrement(): \n global rec \n pStart = 25005  \n pInterval = 1 \n if (rec == 0):  \n  rec = pStart  \n  ELN='UGP' + str(rec)\n else:  \n  rec += pInterval  \n  ELN='UGP' + str(rec)\n return ELN\n\n"</Process><Process ToolSource="c:\program files (x86)\arcgis\desktop10.2\ArcToolbox\Toolboxes\Data Management Tools.tbx\CalculateField" Date="20181029" Time="075124">CalculateField "PRIMARY\UG Primary" ELN autoIncrement() PYTHON_9.3 "rec=0 \ndef autoIncrement(): \n global rec \n pStart = 25027  \n pInterval = 1 \n if (rec == 0):  \n  rec = pStart  \n  ELN='UGP' + str(rec)\n else:  \n  rec += pInterval  \n  ELN='UGP' + str(rec)\n return ELN\n\n"</Process><Process ToolSource="c:\program files (x86)\arcgis\desktop10.2\ArcToolbox\Toolboxes\Data Management Tools.tbx\CalculateField" Date="20181113" Time="074144">CalculateField "PRIMARY\UG Primary" ELN autoIncrement() PYTHON_9.3 "rec=0 \ndef autoIncrement(): \n global rec \n pStart = 25033\n pInterval = 1 \n if (rec == 0):  \n  rec = pStart  \n  ELN='UGP' + str(rec)\n else:  \n  rec += pInterval  \n  ELN='UGP' + str(rec)\n return ELN\n\n"</Process><Process ToolSource="c:\program files (x86)\arcgis\desktop10.2\ArcToolbox\Toolboxes\Data Management Tools.tbx\CalculateField" Date="20181219" Time="142632">CalculateField "PRIMARY\UG Primary" ELN autoIncrement() PYTHON_9.3 "rec=0 \ndef autoIncrement(): \n global rec \n pStart = 25048  \n pInterval = 1 \n if (rec == 0):  \n  rec = pStart  \n  ELN='UGP' + str(rec)\n else:  \n  rec += pInterval  \n  ELN='UGP' + str(rec)\n return ELN\n\n"</Process><Process ToolSource="c:\program files (x86)\arcgis\desktop10.2\ArcToolbox\Toolboxes\Data Management Tools.tbx\CalculateField" Date="20190118" Time="073459">CalculateField "PRIMARY\UG Primary" ELN autoIncrement() PYTHON_9.3 "rec=0 \ndef autoIncrement(): \n global rec \n pStart = 25069\n pInterval = 1 \n if (rec == 0):  \n  rec = pStart  \n  ELN='UGP' + str(rec)\n else:  \n  rec += pInterval  \n  ELN='UGP' + str(rec)\n return ELN\n\n"</Process><Process ToolSource="c:\program files (x86)\arcgis\desktop10.2\ArcToolbox\Toolboxes\Data Management Tools.tbx\CalculateField" Date="20190204" Time="075703">CalculateField "PRIMARY\UG Primary" ELN autoIncrement() PYTHON_9.3 "rec=0 \ndef autoIncrement(): \n global rec \n pStart = 25076  \n pInterval = 1 \n if (rec == 0):  \n  rec = pStart  \n  ELN='UGP' + str(rec)\n else:  \n  rec += pInterval  \n  ELN='UGP' + str(rec)\n return ELN\n\n"</Process><Process ToolSource="c:\program files (x86)\arcgis\desktop10.2\ArcToolbox\Toolboxes\Data Management Tools.tbx\CalculateField" Date="20190213" Time="093732">CalculateField "PRIMARY\UG Primary" ELN autoIncrement() PYTHON_9.3 "rec=0 \ndef autoIncrement(): \n global rec \n pStart = 25088 \n pInterval = 1 \n if (rec == 0):  \n  rec = pStart  \n  ELN='UGP' + str(rec)\n else:  \n  rec += pInterval  \n  ELN='UGP' + str(rec)\n return ELN\n\n"</Process><Process ToolSource="c:\program files (x86)\arcgis\desktop10.2\ArcToolbox\Toolboxes\Data Management Tools.tbx\CalculateField" Date="20190225" Time="084145">CalculateField "PRIMARY\UG Primary" ELN autoIncrement() PYTHON_9.3 "rec=0 \ndef autoIncrement(): \n global rec \n pStart = 25115  \n pInterval = 1 \n if (rec == 0):  \n  rec = pStart  \n  ELN='UGP' + str(rec)\n else:  \n  rec += pInterval  \n  ELN='UGP' + str(rec)\n return ELN\n\n"</Process><Process ToolSource="c:\program files (x86)\arcgis\desktop10.2\ArcToolbox\Toolboxes\Data Management Tools.tbx\CalculateField" Date="20190301" Time="151717">CalculateField "PRIMARY\UG Primary" ELN autoIncrement() PYTHON_9.3 "rec=0 \ndef autoIncrement(): \n global rec \n pStart = 25139  \n pInterval = 1 \n if (rec == 0):  \n  rec = pStart  \n  ELN='UGP' + str(rec)\n else:  \n  rec += pInterval  \n  ELN='UGP' + str(rec)\n return ELN\n\n"</Process><Process ToolSource="c:\program files (x86)\arcgis\desktop10.2\ArcToolbox\Toolboxes\Data Management Tools.tbx\CalculateField" Date="20190321" Time="075744">CalculateField "PRIMARY\UG Primary" ELN autoIncrement() PYTHON_9.3 "rec=0 \ndef autoIncrement(): \n global rec \n pStart = 25151  \n pInterval = 1 \n if (rec == 0):  \n  rec = pStart  \n  ELN='UGP' + str(rec)\n else:  \n  rec += pInterval  \n  ELN='UGP' + str(rec)\n return ELN\n\n"</Process><Process ToolSource="c:\program files (x86)\arcgis\desktop10.2\ArcToolbox\Toolboxes\Data Management Tools.tbx\CalculateField" Date="20190401" Time="085929">CalculateField "PRIMARY\UG Primary" ELN autoIncrement() PYTHON_9.3 "rec=0 \ndef autoIncrement(): \n global rec \n pStart = 25160  \n pInterval = 1 \n if (rec == 0):  \n  rec = pStart  \n  ELN='UGP' + str(rec)\n else:  \n  rec += pInterval  \n  ELN='UGP' + str(rec)\n return ELN\n\n"</Process><Process ToolSource="c:\program files (x86)\arcgis\desktop10.2\ArcToolbox\Toolboxes\Data Management Tools.tbx\CalculateField" Date="20190429" Time="072145">CalculateField "PRIMARY\UG Primary" ELN autoIncrement() PYTHON_9.3 "rec=0 \ndef autoIncrement(): \n global rec \n pStart = 25184  \n pInterval = 1 \n if (rec == 0):  \n  rec = pStart  \n  ELN='UGP' + str(rec)\n else:  \n  rec += pInterval  \n  ELN='UGP' + str(rec)\n return ELN\n\n"</Process><Process ToolSource="c:\program files (x86)\arcgis\desktop10.2\ArcToolbox\Toolboxes\Data Management Tools.tbx\CalculateField" Date="20190603" Time="075226">CalculateField "PRIMARY\UG Primary" ELN autoIncrement() PYTHON_9.3 "rec=0 \ndef autoIncrement(): \n global rec \n pStart = 25188  \n pInterval = 1 \n if (rec == 0):  \n  rec = pStart  \n  ELN='UGP' + str(rec)\n else:  \n  rec += pInterval  \n  ELN='UGP' + str(rec)\n return ELN\n\n"</Process><Process ToolSource="c:\program files (x86)\arcgis\desktop10.2\ArcToolbox\Toolboxes\Data Management Tools.tbx\CalculateField" Date="20190702" Time="153419">CalculateField "PRIMARY\UG Primary" ELN autoIncrement() PYTHON_9.3 "rec=0 \ndef autoIncrement(): \n global rec \n pStart = 25211  \n pInterval = 1 \n if (rec == 0):  \n  rec = pStart  \n  ELN='UGP' + str(rec)\n else:  \n  rec += pInterval  \n  ELN='UGP' + str(rec)\n return ELN\n\n"</Process><Process ToolSource="c:\program files (x86)\arcgis\desktop10.2\ArcToolbox\Toolboxes\Data Management Tools.tbx\CalculateField" Date="20190718" Time="073935">CalculateField "PRIMARY\UG Primary" ELN autoIncrement() PYTHON_9.3 "rec=0 \ndef autoIncrement(): \n global rec \n pStart = 25229  \n pInterval = 1 \n if (rec == 0):  \n  rec = pStart  \n  ELN='UGP' + str(rec)\n else:  \n  rec += pInterval  \n  ELN='UGP' + str(rec)\n return ELN\n\n"</Process><Process ToolSource="c:\program files (x86)\arcgis\desktop10.2\ArcToolbox\Toolboxes\Data Management Tools.tbx\CalculateField" Date="20190725" Time="144525">CalculateField "PRIMARY\UG Primary" ELN autoIncrement() PYTHON_9.3 "rec=0 \ndef autoIncrement(): \n global rec \n pStart = 25241  \n pInterval = 1 \n if (rec == 0):  \n  rec = pStart  \n  ELN='UGP' + str(rec)\n else:  \n  rec += pInterval  \n  ELN='UGP' + str(rec)\n return ELN\n\n"</Process><Process ToolSource="c:\program files (x86)\arcgis\desktop10.2\ArcToolbox\Toolboxes\Data Management Tools.tbx\CalculateField" Date="20190905" Time="095716">CalculateField "PRIMARY\UG Primary" ELN autoIncrement() PYTHON_9.3 "rec=0 \ndef autoIncrement(): \n global rec \n pStart = 25279  \n pInterval = 1 \n if (rec == 0):  \n  rec = pStart  \n  ELN='UGP' + str(rec)\n else:  \n  rec += pInterval  \n  ELN='UGP' + str(rec)\n return ELN\n\n"</Process><Process ToolSource="c:\program files (x86)\arcgis\desktop10.2\ArcToolbox\Toolboxes\Data Management Tools.tbx\CalculateField" Date="20190927" Time="110137">CalculateField "PRIMARY\UG Primary" ELN autoIncrement() PYTHON_9.3 "rec=0 \ndef autoIncrement(): \n global rec \n pStart = 25308  \n pInterval = 1 \n if (rec == 0):  \n  rec = pStart  \n  ELN='UGP' + str(rec)\n else:  \n  rec += pInterval  \n  ELN='UGP' + str(rec)\n return ELN\n\n"</Process><Process ToolSource="c:\program files (x86)\arcgis\desktop10.2\ArcToolbox\Toolboxes\Data Management Tools.tbx\CalculateField" Date="20191009" Time="140920">CalculateField "PRIMARY\UG Primary" ELN autoIncrement() PYTHON_9.3 "rec=0 \ndef autoIncrement(): \n global rec \n pStart = 25325  \n pInterval = 1 \n if (rec == 0):  \n  rec = pStart  \n  ELN='UGP' + str(rec)\n else:  \n  rec += pInterval  \n  ELN='UGP' + str(rec)\n return ELN\n\n"</Process><Process ToolSource="c:\program files (x86)\arcgis\desktop10.2\ArcToolbox\Toolboxes\Data Management Tools.tbx\CalculateField" Date="20191115" Time="081528">CalculateField "PRIMARY\UG Primary" ELN autoIncrement() PYTHON_9.3 "rec=0 \ndef autoIncrement(): \n global rec \n pStart = 25352  \n pInterval = 1 \n if (rec == 0):  \n  rec = pStart  \n  ELN='UGP' + str(rec)\n else:  \n  rec += pInterval  \n  ELN='UGP' + str(rec)\n return ELN\n\n"</Process><Process ToolSource="c:\program files (x86)\arcgis\desktop10.2\ArcToolbox\Toolboxes\Data Management Tools.tbx\CalculateField" Date="20191223" Time="093257">CalculateField "PRIMARY\UG Primary" ELN autoIncrement() PYTHON_9.3 "rec=0 \ndef autoIncrement(): \n global rec \n pStart = 25418  \n pInterval = 1 \n if (rec == 0):  \n  rec = pStart  \n  ELN='UGP' + str(rec)\n else:  \n  rec += pInterval  \n  ELN='UGP' + str(rec)\n return ELN\n\n"</Process><Process ToolSource="c:\program files (x86)\arcgis\desktop10.2\ArcToolbox\Toolboxes\Data Management Tools.tbx\CalculateField" Date="20200129" Time="092305">CalculateField "PRIMARY\UG Primary" ELN autoIncrement() PYTHON_9.3 "rec=0 \ndef autoIncrement(): \n global rec \n pStart = 25449  \n pInterval = 1 \n if (rec == 0):  \n  rec = pStart  \n  ELN='UGP' + str(rec)\n else:  \n  rec += pInterval  \n  ELN='UGP' + str(rec)\n return ELN\n\n"</Process><Process ToolSource="c:\program files (x86)\arcgis\desktop10.2\ArcToolbox\Toolboxes\Data Management Tools.tbx\CalculateField" Date="20200204" Time="080440">CalculateField "PRIMARY\UG Primary" ELN autoIncrement() PYTHON_9.3 "rec=0 \ndef autoIncrement(): \n global rec \n pStart = 25461  \n pInterval = 1 \n if (rec == 0):  \n  rec = pStart  \n  ELN='UGP' + str(rec)\n else:  \n  rec += pInterval  \n  ELN='UGP' + str(rec)\n return ELN\n\n"</Process><Process ToolSource="c:\program files (x86)\arcgis\desktop10.2\ArcToolbox\Toolboxes\Data Management Tools.tbx\CalculateField" Date="20200215" Time="134809">CalculateField "PRIMARY\UG Primary" ELN autoIncrement() PYTHON_9.3 "rec=0 \ndef autoIncrement(): \n global rec \n pStart = 25488  \n pInterval = 1 \n if (rec == 0):  \n  rec = pStart  \n  ELN='UGP' + str(rec)\n else:  \n  rec += pInterval  \n  ELN='UGP' + str(rec)\n return ELN\n\n"</Process><Process ToolSource="c:\program files (x86)\arcgis\desktop10.2\ArcToolbox\Toolboxes\Data Management Tools.tbx\CalculateField" Date="20200302" Time="135106">CalculateField "PRIMARY\UG Primary" ELN autoIncrement() PYTHON_9.3 "rec=0 \ndef autoIncrement(): \n global rec \n pStart = 25500  \n pInterval = 1 \n if (rec == 0):  \n  rec = pStart  \n  ELN='UGP' + str(rec)\n else:  \n  rec += pInterval  \n  ELN='UGP' + str(rec)\n return ELN\n\n"</Process><Process ToolSource="c:\program files (x86)\arcgis\desktop10.2\ArcToolbox\Toolboxes\Data Management Tools.tbx\CalculateField" Date="20200415" Time="140505">CalculateField "PRIMARY\UG Primary" ELN autoIncrement() PYTHON_9.3 "rec=0 \ndef autoIncrement(): \n global rec \n pStart = 25522  \n pInterval = 1 \n if (rec == 0):  \n  rec = pStart  \n  ELN='UGP' + str(rec)\n else:  \n  rec += pInterval  \n  ELN='UGP' + str(rec)\n return ELN\n\n"</Process><Process ToolSource="c:\program files (x86)\arcgis\desktop10.2\ArcToolbox\Toolboxes\Data Management Tools.tbx\CalculateField" Date="20200424" Time="144251">CalculateField "PRIMARY\UG Primary" ELN autoIncrement() PYTHON_9.3 "rec=0 \ndef autoIncrement(): \n global rec \n pStart = 25536  \n pInterval = 1 \n if (rec == 0):  \n  rec = pStart  \n  ELN='UGP' + str(rec)\n else:  \n  rec += pInterval  \n  ELN='UGP' + str(rec)\n return ELN\n\n"</Process><Process ToolSource="c:\program files (x86)\arcgis\desktop10.2\ArcToolbox\Toolboxes\Data Management Tools.tbx\CalculateField" Date="20200515" Time="075328">CalculateField "PRIMARY\UG Primary" ELN autoIncrement() PYTHON_9.3 "rec=0 \ndef autoIncrement(): \n global rec \n pStart = 25545  \n pInterval = 1 \n if (rec == 0):  \n  rec = pStart  \n  ELN='UGP' + str(rec)\n else:  \n  rec += pInterval  \n  ELN='UGP' + str(rec)\n return ELN\n\n"</Process><Process ToolSource="c:\program files (x86)\arcgis\desktop10.2\ArcToolbox\Toolboxes\Data Management Tools.tbx\CalculateField" Date="20200624" Time="085300">CalculateField "PRIMARY\UG Primary" ELN autoIncrement() PYTHON_9.3 "rec=0 \ndef autoIncrement(): \n global rec \n pStart = 25566  \n pInterval = 1 \n if (rec == 0):  \n  rec = pStart  \n  ELN='UGP' + str(rec)\n else:  \n  rec += pInterval  \n  ELN='UGP' + str(rec)\n return ELN\n\n"</Process><Process ToolSource="c:\program files (x86)\arcgis\desktop10.2\ArcToolbox\Toolboxes\Data Management Tools.tbx\CalculateField" Date="20200805" Time="155653">CalculateField "PRIMARY\UG Primary" ELN autoIncrement() PYTHON_9.3 "rec=0 \ndef autoIncrement(): \n global rec \n pStart = 25606  \n pInterval = 1 \n if (rec == 0):  \n  rec = pStart  \n  ELN='UGP' + str(rec)\n else:  \n  rec += pInterval  \n  ELN='UGP' + str(rec)\n return ELN\n\n"</Process><Process ToolSource="c:\program files (x86)\arcgis\desktop10.2\ArcToolbox\Toolboxes\Data Management Tools.tbx\CalculateField" Date="20200904" Time="090858">CalculateField "PRIMARY\UG Primary" ELN autoIncrement() PYTHON_9.3 "rec=0 \ndef autoIncrement(): \n global rec \n pStart = 25626  \n pInterval = 1 \n if (rec == 0):  \n  rec = pStart  \n  ELN='UGP' + str(rec)\n else:  \n  rec += pInterval  \n  ELN='UGP' + str(rec)\n return ELN\n\n"</Process><Process ToolSource="c:\program files (x86)\arcgis\desktop10.2\ArcToolbox\Toolboxes\Data Management Tools.tbx\CalculateField" Date="20200916" Time="074356">CalculateField "PRIMARY\UG Primary" ELN autoIncrement() PYTHON_9.3 "rec=0 \ndef autoIncrement(): \n global rec \n pStart = 25653  \n pInterval = 1 \n if (rec == 0):  \n  rec = pStart  \n  ELN='UGP' + str(rec)\n else:  \n  rec += pInterval  \n  ELN='UGP' + str(rec)\n return ELN\n\n"</Process><Process ToolSource="c:\program files (x86)\arcgis\desktop10.8\ArcToolbox\Toolboxes\Data Management Tools.tbx\CalculateField" Date="20201016" Time="134753">CalculateField "PRIMARY\UG Primary" ELN autoIncrement() PYTHON_9.3 "rec=0 \ndef autoIncrement(): \n global rec \n pStart = 25702  \n pInterval = 1 \n if (rec == 0):  \n  rec = pStart  \n  ELN='UGP' + str(rec)\n else:  \n  rec += pInterval  \n  ELN='UGP' + str(rec)\n return ELN\n\n"</Process><Process ToolSource="c:\program files (x86)\arcgis\desktop10.8\ArcToolbox\Toolboxes\Data Management Tools.tbx\CalculateField" Date="20210118" Time="134345">CalculateField "PRIMARY\UG Primary" ELN autoIncrement() PYTHON_9.3 "rec=0 \ndef autoIncrement(): \n global rec \n pStart = 25721 \n pInterval = 1 \n if (rec == 0):  \n  rec = pStart  \n  ELN='UGP' + str(rec)\n else:  \n  rec += pInterval  \n  ELN='UGP' + str(rec)\n return ELN\n\n"</Process><Process ToolSource="c:\program files (x86)\arcgis\desktop10.8\ArcToolbox\Toolboxes\Data Management Tools.tbx\CalculateField" Date="20210129" Time="151932">CalculateField "PRIMARY\UG Primary" ELN autoIncrement() PYTHON_9.3 "rec=0 \ndef autoIncrement(): \n global rec \n pStart = 25731  \n pInterval = 1 \n if (rec == 0):  \n  rec = pStart  \n  ELN='UGP' + str(rec)\n else:  \n  rec += pInterval  \n  ELN='UGP' + str(rec)\n return ELN\n\n"</Process><Process ToolSource="c:\program files (x86)\arcgis\desktop10.2\ArcToolbox\Toolboxes\Data Management Tools.tbx\CalculateField" Date="20210311" Time="151945">CalculateField "PRIMARY\UG Primary" ELN autoIncrement() PYTHON_9.3 "rec=0 \ndef autoIncrement(): \n global rec \n pStart = 25764  \n pInterval = 1 \n if (rec == 0):  \n  rec = pStart  \n  ELN='UGP' + str(rec)\n else:  \n  rec += pInterval  \n  ELN='UGP' + str(rec)\n return ELN\n\n"</Process><Process ToolSource="c:\program files (x86)\arcgis\desktop10.8\ArcToolbox\Toolboxes\Data Management Tools.tbx\CalculateField" Date="20210714" Time="155220">CalculateField "PRIMARY\UG Primary" ELN autoIncrement() PYTHON_9.3 "rec=0 \ndef autoIncrement(): \n global rec \n pStart = 25829  \n pInterval = 1 \n if (rec == 0):  \n  rec = pStart  \n  ELN='UGP' + str(rec)\n else:  \n  rec += pInterval  \n  ELN='UGP' + str(rec)\n return ELN\n\n"</Process><Process ToolSource="c:\program files (x86)\arcgis\desktop10.8\ArcToolbox\Toolboxes\Data Management Tools.tbx\CalculateField" Date="20210910" Time="074846">CalculateField "PRIMARY\UG Primary" ELN autoIncrement() PYTHON_9.3 "rec=0 \ndef autoIncrement(): \n global rec \n pStart = 25861  \n pInterval = 1 \n if (rec == 0):  \n  rec = pStart  \n  ELN='UGP' + str(rec)\n else:  \n  rec += pInterval  \n  ELN='UGP' + str(rec)\n return ELN\n\n"</Process><Process ToolSource="c:\program files (x86)\arcgis\desktop10.8\ArcToolbox\Toolboxes\Data Management Tools.tbx\CalculateField" Date="20210929" Time="154734">CalculateField "PRIMARY\UG Primary" ELN autoIncrement() PYTHON_9.3 "rec=0 \ndef autoIncrement(): \n global rec \n pStart = 25889  \n pInterval = 1 \n if (rec == 0):  \n  rec = pStart  \n  ELN='UGP' + str(rec)\n else:  \n  rec += pInterval  \n  ELN='UGP' + str(rec)\n return ELN\n\n"</Process><Process ToolSource="c:\program files (x86)\arcgis\desktop10.8\ArcToolbox\Toolboxes\Data Management Tools.tbx\CalculateField" Date="20211117" Time="080118">CalculateField "PRIMARY\UG Primary" ELN autoIncrement() PYTHON_9.3 "rec=0 \ndef autoIncrement(): \n global rec \n pStart = 25924  \n pInterval = 1 \n if (rec == 0):  \n  rec = pStart  \n  ELN='UGP' + str(rec)\n else:  \n  rec += pInterval  \n  ELN='UGP' + str(rec)\n return ELN\n\n"</Process><Process ToolSource="c:\program files (x86)\arcgis\desktop10.8\ArcToolbox\Toolboxes\Data Management Tools.tbx\CalculateField" Date="20220208" Time="142146">CalculateField "PRIMARY\UG Primary" ELN autoIncrement() PYTHON_9.3 "rec=0 \ndef autoIncrement(): \n global rec \n pStart = 25968  \n pInterval = 1 \n if (rec == 0):  \n  rec = pStart  \n  ELN='UGP' + str(rec)\n else:  \n  rec += pInterval  \n  ELN='UGP' + str(rec)\n return ELN\n\n"</Process><Process ToolSource="c:\program files (x86)\arcgis\desktop10.8\ArcToolbox\Toolboxes\Data Management Tools.tbx\CalculateField" Date="20220301" Time="131630">CalculateField "PRIMARY\UG Primary" ELN autoIncrement() PYTHON_9.3 "rec=0 \ndef autoIncrement(): \n global rec \n pStart = 25983  \n pInterval = 1 \n if (rec == 0):  \n  rec = pStart  \n  ELN='UGP' + str(rec)\n else:  \n  rec += pInterval  \n  ELN='UGP' + str(rec)\n return ELN\n\n"</Process><Process ToolSource="c:\program files (x86)\arcgis\desktop10.8\ArcToolbox\Toolboxes\Data Management Tools.tbx\CalculateField" Date="20220309" Time="075915">CalculateField "PRIMARY\UG Primary" ELN autoIncrement() PYTHON_9.3 "rec=0 \ndef autoIncrement(): \n global rec \n pStart = 25998  \n pInterval = 1 \n if (rec == 0):  \n  rec = pStart  \n  ELN='UGP' + str(rec)\n else:  \n  rec += pInterval  \n  ELN='UGP' + str(rec)\n return ELN\n\n"</Process><Process ToolSource="c:\program files (x86)\arcgis\desktop10.8\ArcToolbox\Toolboxes\Data Management Tools.tbx\CalculateField" Date="20220310" Time="154134">CalculateField "PRIMARY\UG Primary" ELN autoIncrement() PYTHON_9.3 "rec=0 \ndef autoIncrement(): \n global rec \n pStart = 26011  \n pInterval = 1 \n if (rec == 0):  \n  rec = pStart  \n  ELN='UGP' + str(rec)\n else:  \n  rec += pInterval  \n  ELN='UGP' + str(rec)\n return ELN\n\n"</Process><Process ToolSource="c:\program files (x86)\arcgis\desktop10.8\ArcToolbox\Toolboxes\Data Management Tools.tbx\CalculateField" Date="20220408" Time="144607">CalculateField "PRIMARY\UG Primary" ELN autoIncrement() PYTHON_9.3 "rec=0 \ndef autoIncrement(): \n global rec \n pStart = 26043  \n pInterval = 1 \n if (rec == 0):  \n  rec = pStart  \n  ELN='UGP' + str(rec)\n else:  \n  rec += pInterval  \n  ELN='UGP' + str(rec)\n return ELN\n\n"</Process><Process ToolSource="c:\program files (x86)\arcgis\desktop10.8\ArcToolbox\Toolboxes\Data Management Tools.tbx\CalculateField" Date="20220429" Time="081103">CalculateField "PRIMARY\UG Primary" ELN autoIncrement() PYTHON_9.3 "rec=0 \ndef autoIncrement(): \n global rec \n pStart = 26055\n pInterval = 1 \n if (rec == 0):  \n  rec = pStart  \n  ELN='UGP' + str(rec)\n else:  \n  rec += pInterval  \n  ELN='UGP' + str(rec)\n return ELN\n\n"</Process><Process ToolSource="c:\program files (x86)\arcgis\desktop10.8\ArcToolbox\Toolboxes\Data Management Tools.tbx\CalculateField" Date="20220628" Time="080048">CalculateField "PRIMARY\UG Primary" ELN autoIncrement() PYTHON_9.3 "rec=0 \ndef autoIncrement(): \n global rec \n pStart = 26088  \n pInterval = 1 \n if (rec == 0):  \n  rec = pStart  \n  ELN='UGP' + str(rec)\n else:  \n  rec += pInterval  \n  ELN='UGP' + str(rec)\n return ELN\n\n"</Process><Process ToolSource="c:\program files (x86)\arcgis\desktop10.8\ArcToolbox\Toolboxes\Data Management Tools.tbx\CalculateField" Date="20221013" Time="142323">CalculateField "PRIMARY\UG Primary" ELN autoIncrement() PYTHON_9.3 "rec=0 \ndef autoIncrement(): \n global rec \n pStart = 26166  \n pInterval = 1 \n if (rec == 0):  \n  rec = pStart  \n  ELN='UGP' + str(rec)\n else:  \n  rec += pInterval  \n  ELN='UGP' + str(rec)\n return ELN\n\n"</Process><Process ToolSource="c:\program files (x86)\arcgis\desktop10.8\ArcToolbox\Toolboxes\Data Management Tools.tbx\CalculateField" Date="20221223" Time="105936">CalculateField "PRIMARY\UG Primary" ELN autoIncrement() PYTHON_9.3 "rec=0 \ndef autoIncrement(): \n global rec \n pStart = 26237  \n pInterval = 1 \n if (rec == 0):  \n  rec = pStart  \n  ELN='UGP' + str(rec)\n else:  \n  rec += pInterval  \n  ELN='UGP' + str(rec)\n return ELN\n\n"</Process><Process ToolSource="c:\program files (x86)\arcgis\desktop10.8\ArcToolbox\Toolboxes\Data Management Tools.tbx\CalculateField" Date="20230228" Time="150940">CalculateField "PRIMARY\UG Primary" ELN autoIncrement() PYTHON_9.3 "rec=0 \ndef autoIncrement(): \n global rec \n pStart = 26262  \n pInterval = 1 \n if (rec == 0):  \n  rec = pStart  \n  ELN='UGP' + str(rec)\n else:  \n  rec += pInterval  \n  ELN='UGP' + str(rec)\n return ELN\n\n"</Process><Process ToolSource="c:\program files (x86)\arcgis\desktop10.8\ArcToolbox\Toolboxes\Data Management Tools.tbx\CalculateField" Date="20230417" Time="074755">CalculateField "PRIMARY\UG Primary" ELN autoIncrement() PYTHON_9.3 "rec=0 \ndef autoIncrement(): \n global rec \n pStart = 26288  \n pInterval = 1 \n if (rec == 0):  \n  rec = pStart  \n  ELN='UGP' + str(rec)\n else:  \n  rec += pInterval  \n  ELN='UGP' + str(rec)\n return ELN\n\n"</Process><Process ToolSource="c:\program files (x86)\arcgis\desktop10.8\ArcToolbox\Toolboxes\Data Management Tools.tbx\CalculateField" Date="20230515" Time="083404">CalculateField "PRIMARY\UG Primary" ELN autoIncrement() PYTHON_9.3 "rec=0 \ndef autoIncrement(): \n global rec \n pStart = 26302  \n pInterval = 1 \n if (rec == 0):  \n  rec = pStart  \n  ELN='UGP' + str(rec)\n else:  \n  rec += pInterval  \n  ELN='UGP' + str(rec)\n return ELN\n\n"</Process><Process ToolSource="c:\program files (x86)\arcgis\desktop10.8\ArcToolbox\Toolboxes\Data Management Tools.tbx\CalculateField" Date="20230525" Time="143149">CalculateField "PRIMARY\UG Primary" ELN autoIncrement() PYTHON_9.3 "rec=0 \ndef autoIncrement(): \n global rec \n pStart = 26307  \n pInterval = 1 \n if (rec == 0):  \n  rec = pStart  \n  ELN='UGP' + str(rec)\n else:  \n  rec += pInterval  \n  ELN='UGP' + str(rec)\n return ELN\n\n"</Process><Process ToolSource="c:\program files (x86)\arcgis\desktop10.8\ArcToolbox\Toolboxes\Data Management Tools.tbx\CalculateField" Date="20230615" Time="074632">CalculateField "PRIMARY\UG Primary" ELN autoIncrement() PYTHON_9.3 "rec=0 \ndef autoIncrement(): \n global rec \n pStart = 26337  \n pInterval = 1 \n if (rec == 0):  \n  rec = pStart  \n  ELN='UGP' + str(rec)\n else:  \n  rec += pInterval  \n  ELN='UGP' + str(rec)\n return ELN\n\n"</Process><Process ToolSource="c:\program files (x86)\arcgis\desktop10.8\ArcToolbox\Toolboxes\Data Management Tools.tbx\CalculateField" Date="20230803" Time="112608">CalculateField "PRIMARY\UG Primary" ELN autoIncrement() PYTHON_9.3 "rec=0 \ndef autoIncrement(): \n global rec \n pStart = 26360  \n pInterval = 1 \n if (rec == 0):  \n  rec = pStart  \n  ELN='UGP' + str(rec)\n else:  \n  rec += pInterval  \n  ELN='UGP' + str(rec)\n return ELN\n\n"</Process><Process ToolSource="c:\program files (x86)\arcgis\desktop10.8\ArcToolbox\Toolboxes\Data Management Tools.tbx\CalculateField" Date="20230915" Time="075255">CalculateField "PRIMARY\UG Primary" ELN autoIncrement() PYTHON_9.3 "rec=0 \ndef autoIncrement(): \n global rec \n pStart = 26393  \n pInterval = 1 \n if (rec == 0):  \n  rec = pStart  \n  ELN='UGP' + str(rec)\n else:  \n  rec += pInterval  \n  ELN='UGP' + str(rec)\n return ELN\n\n"</Process><Process ToolSource="c:\program files (x86)\arcgis\desktop10.8\ArcToolbox\Toolboxes\Data Management Tools.tbx\CalculateField" Date="20231115" Time="075437">CalculateField "PRIMARY\UG Primary" ELN autoIncrement() PYTHON_9.3 "rec=0 \ndef autoIncrement(): \n global rec \n pStart = 26436  \n pInterval = 1 \n if (rec == 0):  \n  rec = pStart  \n  ELN='UGP' + str(rec)\n else:  \n  rec += pInterval  \n  ELN='UGP' + str(rec)\n return ELN\n\n"</Process><Process ToolSource="c:\program files (x86)\arcgis\desktop10.8\ArcToolbox\Toolboxes\Data Management Tools.tbx\CalculateField" Date="20231208" Time="075921">CalculateField "PRIMARY\UG Primary" ELN autoIncrement() PYTHON_9.3 "rec=0 \ndef autoIncrement(): \n global rec \n pStart = 26447  \n pInterval = 1 \n if (rec == 0):  \n  rec = pStart  \n  ELN='UGP' + str(rec)\n else:  \n  rec += pInterval  \n  ELN='UGP' + str(rec)\n return ELN\n\n"</Process><Process ToolSource="c:\program files (x86)\arcgis\desktop10.8\ArcToolbox\Toolboxes\Data Management Tools.tbx\CalculateField" Date="20240613" Time="095158">CalculateField "PRIMARY\UG Primary" ELN autoIncrement() PYTHON_9.3 "rec=0 \ndef autoIncrement(): \n global rec \n pStart = 26557  \n pInterval = 1 \n if (rec == 0):  \n  rec = pStart  \n  ELN='UGP' + str(rec)\n else:  \n  rec += pInterval  \n  ELN='UGP' + str(rec)\n return ELN\n\n"</Process><Process ToolSource="c:\program files (x86)\arcgis\desktop10.8\ArcToolbox\Toolboxes\Data Management Tools.tbx\CalculateField" Date="20240812" Time="133231">CalculateField "PRIMARY\UG Primary" ELN autoIncrement() PYTHON_9.3 "rec=0 \ndef autoIncrement(): \n global rec \n pStart = 26596  \n pInterval = 1 \n if (rec == 0):  \n  rec = pStart  \n  ELN='UGP' + str(rec)\n else:  \n  rec += pInterval  \n  ELN='UGP' + str(rec)\n return ELN\n\n"</Process><Process ToolSource="c:\program files (x86)\arcgis\desktop10.8\ArcToolbox\Toolboxes\Data Management Tools.tbx\CalculateField" Date="20240820" Time="145740">CalculateField "PRIMARY\UG Primary" ELN autoIncrement() PYTHON_9.3 "rec=0 \ndef autoIncrement(): \n global rec \n pStart = 26618  \n pInterval = 1 \n if (rec == 0):  \n  rec = pStart  \n  ELN='UGP' + str(rec)\n else:  \n  rec += pInterval  \n  ELN='UGP' + str(rec)\n return ELN\n\n"</Process><Process ToolSource="c:\program files (x86)\arcgis\desktop10.8\ArcToolbox\Toolboxes\Data Management Tools.tbx\CalculateField" Date="20241118" Time="124248">CalculateField "PRIMARY\UG Primary" ELN autoIncrement() PYTHON_9.3 "rec=0 \ndef autoIncrement(): \n global rec \n pStart = 26646  \n pInterval = 1 \n if (rec == 0):  \n  rec = pStart  \n  ELN='UGP' + str(rec)\n else:  \n  rec += pInterval  \n  ELN='UGP' + str(rec)\n return ELN\n\n"</Process><Process ToolSource="c:\program files (x86)\arcgis\desktop10.8\ArcToolbox\Toolboxes\Data Management Tools.tbx\CalculateField" Date="20241127" Time="105804">CalculateField "PRIMARY\UG Primary" ELN autoIncrement() PYTHON_9.3 "rec=0 \ndef autoIncrement(): \n global rec \n pStart = 26658  \n pInterval = 1 \n if (rec == 0):  \n  rec = pStart  \n  ELN='UGP' + str(rec)\n else:  \n  rec += pInterval  \n  ELN='UGP' + str(rec)\n return ELN\n\n"</Process><Process ToolSource="c:\program files (x86)\arcgis\desktop10.8\ArcToolbox\Toolboxes\Data Management Tools.tbx\CalculateField" Date="20241213" Time="160629">CalculateField "PRIMARY\UG Primary" ELN autoIncrement() PYTHON_9.3 "rec=0 \ndef autoIncrement(): \n global rec \n pStart = 26689  \n pInterval = 1 \n if (rec == 0):  \n  rec = pStart  \n  ELN='UGP' + str(rec)\n else:  \n  rec += pInterval  \n  ELN='UGP' + str(rec)\n return ELN\n\n"</Process><Process ToolSource="c:\program files (x86)\arcgis\desktop10.8\ArcToolbox\Toolboxes\Data Management Tools.tbx\CalculateField" Date="20250514" Time="094911">CalculateField "PRIMARY\UG Primary" ELN autoIncrement() PYTHON_9.3 "rec=0 \ndef autoIncrement(): \n global rec \n pStart = 26744  \n pInterval = 1 \n if (rec == 0):  \n  rec = pStart  \n  ELN='UGP' + str(rec)\n else:  \n  rec += pInterval  \n  ELN='UGP' + str(rec)\n return ELN\n\n"</Process></lineage><itemProps><itemLocation><linkage Sync="TRUE">Server=ghweb; Service=esri_sde; Database=ghydro; User=sde; Version=sde.DEFAULT</linkage><protocol Sync="TRUE">ArcSDE Connection</protocol></itemLocation></itemProps></DataProperties><ArcGISFormat>1.0</ArcGISFormat></Esri><idinfo><citation><citeinfo><onlink Sync="TRUE">Server=GH_ENG; Service=5152; Database=Ghydro; User=SDE; Version=sde.DEFAULT</onlink></citeinfo></citation></idinfo><distInfo><distributor><distorTran><onLineSrc><linkage Sync="TRUE">Server=GH_ENG; Service=5152; Database=Ghydro; User=SDE; Version=sde.DEFAULT</linkage><protocol Sync="TRUE">ArcSDE Connection</protocol></onLineSrc></distorTran></distributor></distInfo><dataqual><lineage><procstep><procdesc Sync="TRUE">Dataset copied.</procdesc><srcused Sync="TRUE">Server=engserver; Service=5151; Database=Ghydro; User=SDE; Version=sde.DEFAULT</srcused><date Sync="TRUE">20070217</date><time Sync="TRUE">07575600</time></procstep><procstep><procdesc Sync="TRUE">Dataset copied.</procdesc><srcused Sync="TRUE">Server=DRWXP01; Service=5155; Database=Ghydro2; User=sde; Version=sde.DEFAULT</srcused><date Sync="TRUE">20070217</date><time Sync="TRUE">13375600</time></procstep><procstep><procdesc Sync="TRUE">Dataset copied.</procdesc><srcused Sync="TRUE">Server=engserver; Service=5151; Database=Ghydro; User=SDE; Version=sde.DEFAULT</srcused><date Sync="TRUE">20080130</date><time Sync="TRUE">10344500</time></procstep></lineage></dataqual></metadata>
